names,member_id
"Williams, Mike",100000
"Atwater III, Davyen",100001
"Pham, Kaili",100002
"el-Khalaf, Ridwaan",100003
"Harmon, Naomi",100004
"Schutte, Andrew",100005
"Wheaton, Antonio",100006
"Mcalister, Michaela",100007
"Percell, Cameron",100008
"Osmanovic, Thomas",100009
"Mares, Ashley",100010
"Black, Dominique",100011
"Shafer, Yeon",100012
"Dominguez, Sadie",100013
"Mead, Christofer",100014
"Jackson, Eyoatam",100015
"Sanchez, Alexander",100016
"Tohtsonie, Fanio",100017
"Knestis, Ashley",100018
"Johnson, Ashley",100019
"Waller, Alexus",100020
"Rodriguez, Tony",100021
"Enkuselasse, Trevon",100022
"el-Tahir, Murshid",100023
"Vargas, Francisco",100024
"Smith, Charlene",100025
"Romero, Aileen",100026
"Phradestin, Dwayne",100027
"el-Salahuddin, Fikri",100028
"Campbell, Sadie",100029
"Nosker, Isaiah",100030
"Marks, Shaniya",100031
"Aslami, Stephen",100032
"Hare, Caitlyn",100033
"Sol, Lukas",100034
"Sanchez, Hunter",100035
"Almeida, Anna",100036
"Perry, Todd",100037
"Potter, Jessica",100038
"Clark, Semira",100039
"al-Abood, Shahla",100040
"Bogle, Jonathan",100041
"Wilson, Tyler",100042
"Macasinag, Tyler",100043
"Mckinney, Avalonsha",100044
"el-Sheikh, Hilmiyya",100045
"el-Salahuddin, Abdur Rasheed",100046
"Disney, Collin",100047
"Bailey, Joshua",100048
"Mondragon, Sydney",100049
"el-Hamid, Suhaib",100050
"al-Alli, Misfar",100051
"Bench, Morgan",100052
"Graham, Alisha",100053
"Mustafa, Kayla",100054
"Ngiateng, Stephanie",100055
"Rodriguez, Joseph",100056
"Ebbers, Tyler",100057
"Conklin, Reyana",100058
"Tame, Sydney",100059
"Dominguez, Jennifer",100060
"Vecellio, Anthony",100061
"Lovato, Anthony",100062
"Antolin, Michael",100063
"Weeks, Zachary",100064
"Tran, Quan Yu Jade",100065
"Leung, Nina Angelica",100066
"Barger, Gloria",100067
"al-Hana, Shaimaaa",100068
"Chen, Darren",100069
"Davis, Amanda",100070
"Duran, Tania",100071
"Martinez, Jeffrey",100072
"Rodriguez-Isais, Chelsea",100073
"Moore, Charles",100074
"Mcdowell, Maurice",100075
"Barnett, Spencer",100076
"Machisa, Joshua",100077
"al-Jabour, Shajee'a",100078
"Saeed, Khaliel",100079
"Timbers, Rowan",100080
"Tarango Sandoval, Samuel",100081
"Contino, Charanaka",100082
"Lebsock, Emily",100083
"Ellis, Collin",100084
"Russo, Jenny",100085
"Abreu, Borin",100086
"el-Shareef, Thanaa",100087
"Nguyen, Austin",100088
"Agbim, Yazmeen",100089
"Steele, Dakota",100090
"el-Kanan, Arwa",100091
"Alire, Dakota",100092
"Bailey, Ricky",100093
"Sargent, Tina",100094
"Koeger, Bree",100095
"Wright, Makisha",100096
"Moline, Benjamin",100097
"Calloway, Toshia",100098
"Pope, Stephanie",100099
"Posey, Mika",100100
"Rucker, Alfonzo",100101
"Mccloskey, Isabelle",100102
"el-Omar, Humaid",100103
"Cruz-Rodriguez, Cierra",100104
"Che, Johney",100105
"Ekiko, Aaron",100106
"Brennan, Christopher",100107
"Masse, Dakota",100108
"Schoon, Khongmong",100109
"Moore, Deandre",100110
"Lyman, Syra",100111
"Whisler, Louis",100112
"Guerrero, Jacob",100113
"el-Kaiser, Unais",100114
"Maxey, Amanda",100115
"el-Abdallah, Bishr",100116
"Nye, Leah",100117
"Corby, Nihil",100118
"Braman, Taylor",100119
"Swing, Alton",100120
"Benjamin, Andre",100121
"Aragon, Destiny",100122
"Fay, Shayonna",100123
"Desta, Torrence",100124
"Nastacio, Lauren",100125
"Szympruch, Kendra",100126
"Valdez, Tronson",100127
"al-Abdou, Majdi",100128
"al-Iman, Faatih",100129
"al-Neman, Hanlala",100130
"Lysaght, Paul",100131
"al-Rayes, Mushtaaq",100132
"Duran, Marco",100133
"al-Nasir, Ashraf",100134
"Nichols, Jada",100135
"Billat, Traye",100136
"Bennett, Nicholas",100137
"Olson, Tiffany",100138
"Lynch, Caleb",100139
"el-Sultana, Khaalida",100140
"Lee, Vivian",100141
"Victoria, Takara",100142
"Drogowski, Kendall",100143
"Mimmack, Connor",100144
"al-Emami, Murshid",100145
"Forbis, Rachel",100146
"Kani, Joel",100147
"Ramirez, Diego",100148
"Lor, Vikash",100149
"Her, Tram",100150
"Bultema, Steven",100151
"Yazzie, Ohitike",100152
"Macario, Alejandro",100153
"Gremling, Britney",100154
"Lebel, Cameron",100155
"Rieg, Kyle",100156
"Elrod, Nicolas",100157
"Lo, Armond",100158
"Robblee, Ashlee",100159
"Moreno, Michael",100160
"al-Iman, Naaif",100161
"Moore, Lavonte",100162
"al-Mirza, Mu'taz",100163
"Conway, Alura",100164
"Hazley, Tieler",100165
"Gaines, Alicia",100166
"Clemans, Jonathan",100167
"Young, Paula",100168
"Lightfoot, Jacob",100169
"Johnson, Kaleel",100170
"Douglas, Kwane",100171
"Redden, Joshua",100172
"Eang, Winchell",100173
"Stennis, Martell",100174
"Sisa, Dashaune",100175
"Johnson, Grace",100176
"Ebat, Derek",100177
"Elson, Lara",100178
"Dominguez, Alyssa",100179
"al-Fares, Abdul Hai",100180
"Harris, Tenazia",100181
"Reed, Shiyan",100182
"Hix, Emily",100183
"Borbon, Karen",100184
"Fry, Sandra",100185
"Caffey, Lyndsey",100186
"Laner, Justice",100187
"Gonzales, Desiree",100188
"el-Kaleel, Hishaam",100189
"el-Akhtar, Ghaaliba",100190
"Dee, Mariah",100191
"Luna, Jordan",100192
"Pourier, Ayesha",100193
"Lemus, Jose",100194
"el-Jaber, Nawfa",100195
"Gishu, Jasmine",100196
"Dominguez-Santos, Alondra",100197
"Padilla, Daniel",100198
"Madison, Leticia",100199
"Baker, April",100200
"al-Shaikh, Sawada",100201
"Wiener, Robert",100202
"al-Nour, Rafeeda",100203
"Wallace, Yeon",100204
"Trinh, Jason",100205
"Phan, Aaneer",100206
"Martinez, Tomas",100207
"Roberts, Shannan",100208
"Garcia, Michelle",100209
"Cardona, Nicholas",100210
"al-Rehmann, Haseena",100211
"Jackson, Caitlin",100212
"Berg, Michael",100213
"Santistevan, Jasmine",100214
"Griffin, Kyle",100215
"Negasi, Earnest",100216
"Quintana, Karina",100217
"Ahmed, Victoria",100218
"Rutherford, Sunny",100219
"el-Daoud, Jumaana",100220
"Jenkins, Nahom",100221
"Carlo, Heather",100222
"Wirsching, Aubrianna",100223
"Houdek, Alexis",100224
"el-Abdalla, Hamdoona",100225
"Lavigne, Kodiak",100226
"Love, Meaghan",100227
"Johnson, James",100228
"D'Agosta, Nicolas",100229
"Sanchez, Sarina",100230
"Doan, Gurnam",100231
"Hoshiko, Jason",100232
"Allen, Gracie",100233
"Ousley-Gude, Marvin",100234
"Two Crow, Thaylor",100235
"Ritchie, Matthew",100236
"Montoya, Manuel",100237
"Porter, Nicholas",100238
"San Pedro, Peter",100239
"Garcia, Renata",100240
"Ramirez, Eduardo",100241
"Norton, Madeline",100242
"Coker, Elaine",100243
"Nguyen, Christian",100244
"Hopson, Steven",100245
"Estrada Sanchez, Ashley",100246
"Galloway, Ireshea",100247
"Simpson, Jenessa",100248
"Post, Ty",100249
"Gibson, K'Yeir",100250
"al-Sadiq, Muaaid",100251
"el-Shahidi, Shafaaa",100252
"Casanova, Gillian",100253
"Wu, Khalissa",100254
"Martinez, Mark",100255
"Freeman, Ye-Ji",100256
"Ochoa, Elise",100257
"Paulino, Grant",100258
"Urban, Kadin",100259
"Hamilton, Katherine",100260
"Beale, Bradley",100261
"Milner, Wendy",100262
"Orr, Danielle",100263
"Ragoschke, Job",100264
"Spore, Sir'Renio",100265
"Arellano, Bryan",100266
"al-Nasser, Tawfeeq",100267
"el-Pashia, Nazeema",100268
"Black, Lauren",100269
"al-Amen, Rayyana",100270
"Wyatt, Kaliesia",100271
"Evans, Korrin",100272
"Blume, Kimberly",100273
"Anttila, Cheyenne",100274
"Spellman, Caleb",100275
"Carrasco Canales, Erin",100276
"Stewart, Abbey",100277
"Cable, Brett",100278
"el-Baten, Taqiyya",100279
"Doucet, Thomas",100280
"el-Naim, Raihaana",100281
"Espinosa, Melanie",100282
"Perez, Kelsey",100283
"Ho, Kevin",100284
"Sallee, Lisa",100285
"Gstalder, Blaise",100286
"Brown, Michelle",100287
"Gallegos, Rian",100288
"Alvarez Alvarado, Cintia",100289
"Burks, Tachayanne",100290
"Mcbride, Tommy",100291
"Enkhsaikhan, Sarina",100292
"Eberharter, Zane",100293
"Xiong, Sean",100294
"Kakarlapudi, Kevin",100295
"Hassan, Brendan",100296
"Schneebeck, Jillianne",100297
"Seufert, Kirk",100298
"Bates, Jeremy",100299
"Perea, Angela",100300
"el-Hashemi, Zaitoona",100301
"al-Salaam, Raheema",100302
"Huang, Syra",100303
"Tarr, Cody",100304
"Pringle, Presious",100305
"Scott, Emily",100306
"Hoeger, Emily",100307
"Mengist, Maria",100308
"Palmier, Douglas",100309
"Archuleta, Jamie",100310
"Labrash, Trevor",100311
"Han, Kathleen",100312
"Irwin, Denzel",100313
"Palomarez, Fayelene",100314
"Gerstner, Courtney",100315
"Auman, Madison",100316
"Eakin, Ciyera",100317
"Estrada, Maria",100318
"Pino, Tyler",100319
"el-Kaleel, Ahmed",100320
"Pena Varela, Brianna",100321
"Martinez, Carlos",100322
"Guttersen, Katherine",100323
"Wilson, Rachel",100324
"Dickard, Brooke",100325
"Perkins, Glen",100326
"al-Rahaman, Azmi",100327
"Whipple, Emily",100328
"Yang, Lok Tung",100329
"el-Abad, Mu,Aawiya",100330
"Nguyen, Alexa",100331
"el-Fahmy, Lubaaba",100332
"Hucks, Lea",100333
"Ruybal, Tilden",100334
"I, Avori",100335
"Hutton, Taylore",100336
"Jones, Demetri",100337
"Garand, Pavit",100338
"Pak, Celia",100339
"Vallejo, Emily",100340
"al-Agha, Waleed",100341
"el-Saadeh, Saleel",100342
"Adu, Charles",100343
"Alvidrez-Romero, Jose",100344
"Ontiveros Ramos, Trey",100345
"Ruiz, Cecelia",100346
"Nguyen, Rohan",100347
"Boykins, Jalen",100348
"Copeland, Dominque",100349
"el-Abdalla, Farajallah",100350
"Champagne, Dex",100351
"Ethridge, Elizabeth",100352
"Martinez, Crystal",100353
"Stratton, Regina",100354
"Morales Noriega, Alyssa",100355
"Coleman, Melissa",100356
"Sweetwater, Cody",100357
"Phung, Jacky",100358
"Romero, Danielle",100359
"Mangisel, Kevin",100360
"el-Reza, Jaabir",100361
"Clark, Jeremiah",100362
"Prejean, Hannah",100363
"Quintana, John",100364
"Roebuck, Jazmine",100365
"Bryne-Hammes, Mark",100366
"Towne, Savannah",100367
"Kessack, Alycya",100368
"Arnautovic, Brooklyn",100369
"Tofflemoyer, James",100370
"Hernandez, Brandon",100371
"al-Anwar, Naseer",100372
"el-Othman, Hafsa",100373
"House, Kevin",100374
"Sanchez, Alfredo",100375
"al-Abdella, Sabeeha",100376
"al-Hariri, Aaida",100377
"Evans, Johnny",100378
"Williams, Shanelle",100379
"Ton, Ji Hoon",100380
"al-Amen, Mahbooba",100381
"Lamb, Sara",100382
"Acosta, Nicholas",100383
"Morris, Liang",100384
"Asakawa, Landon",100385
"Dowd, Allison",100386
"Lightenburger, Katrina",100387
"Garrett, Katie-Lynne",100388
"Huizar Estrada, Alexandria",100389
"el-Wahab, Fuaada",100390
"Crowe, Julia",100391
"Prince, Jason",100392
"Lytle, Gavin",100393
"Payan, Omar",100394
"Prewett, Ashleigh",100395
"Danskin, Tarquin",100396
"Meyerhofer, Kayle",100397
"Pavisook, Ezra",100398
"Khan, Brandon",100399
"Ramirez, Kia",100400
"Howe, Laurissa",100401
"Pfennig, Evan",100402
"Jennings, Elijah",100403
"Lathrop, Alayina",100404
"Abdullah, Tyeshia",100405
"Vigil Jr, Samantha",100406
"al-Fawaz, Rajab",100407
"el-Shehadeh, Abbaad",100408
"Stewart, Bryttany",100409
"el-Zadeh, Nabeeha",100410
"Rodriguez, Hande",100411
"Strader, Kainos",100412
"Robertson, Ashley",100413
"al-Amber, Raadiya",100414
"Ka, Christina",100415
"Salazar, Christopher",100416
"al-Fayad, Nakheel",100417
"Ford, Daisha",100418
"Yarusso, Brenna",100419
"el-Beydoun, Mahmood",100420
"Marquez, Chantalle",100421
"Yasumura, Jessica",100422
"Mellon, Breston",100423
"el-Ghazi, Shujaa",100424
"al-Assaf, Nashat",100425
"Hutchinson, Sierra",100426
"Nguyen, Airiana",100427
"Turner, Pauline",100428
"Olson, Christopher",100429
"Kresyman, Joshua",100430
"Bau, Alexander",100431
"Ortega, Alejandro",100432
"Mccoy, Earnest",100433
"Santos Madayag, Christina",100434
"Tran, Thuy Minh",100435
"Hicks, Deztaknee",100436
"Robinson, Nova",100437
"Marsh, Rebecca",100438
"Fisher, Eun",100439
"el-Turay, Muneera",100440
"al-Safar, Hudhaifa",100441
"Fleming, Brianna",100442
"Mcgowan, Malcom",100443
"Kennah, Shane",100444
"Valdez, Jazmine",100445
"Madera, Summer",100446
"Frim, Charles",100447
"Johnson, Keith",100448
"Mangram, Marlena",100449
"Kimble, Devon",100450
"Euresti, Balfre",100451
"Horton, Jacquelyn",100452
"Miller, Keaanee",100453
"al-Matar, Safar",100454
"Mosely, Malik",100455
"Cheek, Sadyan",100456
"Leclaire, Luke",100457
"Kim, Jasmine",100458
"al-Ameen, Muhammad",100459
"Doan, Stephen",100460
"Montoya, Sydney",100461
"Mims, Breyanna",100462
"Keller-Nare, Brea",100463
"Ye, Alexandria",100464
"Ng, Heroki",100465
"Weeks, Mackenzie",100466
"el-Hammad, Ilyaas",100467
"Fountain, Nikolai",100468
"Keath, Lacey",100469
"Beck, Howard",100470
"Urquidi, Melissa",100471
"al-Omer, Abdul Kareem",100472
"Rossi, Kenzie",100473
"Gardner, Feven",100474
"Walker, Ashley",100475
"Copeland, Nicolas",100476
"Schofield, Emily",100477
"Chen, Oscar",100478
"Alquist, Kristen",100479
"Morales, Joseph",100480
"Yip, Jessica",100481
"Tunnell, Abrielle",100482
"Javalera, Gabriel",100483
"Zarcula, Justin",100484
"Mitchell, Draius",100485
"Prince, Jessie",100486
"al-Rehmann, Fuaad",100487
"al-Emami, Rifqa",100488
"Ianacone, Elizabeth",100489
"Salazar, Mario",100490
"West, Anthony",100491
"Exum, Tyler",100492
"al-Turay, Munjid",100493
"al-Yousef, Tahleela",100494
"Sutherburg, Changseok",100495
"el-Mohiuddin, Hamda",100496
"el-Matar, Shameema",100497
"al-Moussa, Mayyaada",100498
"el-Rehmann, Abood",100499
"Nguyen, Atif",100500
"el-Sadek, Amru",100501
"Le, Vanessa",100502
"Arellano, Juan",100503
"Herde, Tam",100504
"Sun, Shivani",100505
"el-Rahaman, Musfira",100506
"Machado, Nicholas",100507
"Van Buren, Brook",100508
"Ernst, Nicholas",100509
"Close, Cassandra",100510
"Sala, Holly",100511
"Labeaux, Raven",100512
"Bennell, Andrew",100513
"Pershall, Dallas",100514
"Clark, Aaron",100515
"Henry, Trent",100516
"Gifford, Irving",100517
"Pierre, Ana",100518
"Lovern, Cheryl",100519
"Lebold, Monica",100520
"Gonzalez, Shelby",100521
"Vang, Janelle",100522
"al-Bina, Nabeeha",100523
"Tangri, Christian",100524
"Kennis, Theophilus",100525
"al-Usman, Adham",100526
"Hensinger II, Alexis",100527
"Brown, Jason",100528
"Viner, Alex",100529
"Esquivel, Michael",100530
"Zhu, Ohdomm",100531
"Forlano, Thomas",100532
"Sorrell, Taylor",100533
"Montoya, Alex",100534
"Moon, Jastina",100535
"Hansen, Mckayla",100536
"Kittelman, Madalyn",100537
"Onexayvieng, Anthony",100538
"Cardon, Holly",100539
"Lovan, Rowtinya",100540
"Sorrell, Alysh",100541
"Toews, Cordero",100542
"Goodteacher, David",100543
"Guardipee, Courtni",100544
"al-Selim, Naaila",100545
"White, Malayaasjhalik",100546
"Edwards, Myranda",100547
"Fairchild, Lauren",100548
"Yeo, Robert",100549
"Aldrich, Caitlin",100550
"Le, Darlene",100551
"Io, Jordan",100552
"Gosha, Sherron",100553
"Grimm, Lauren",100554
"Rozinski, Erminio",100555
"Mariano, Ruby",100556
"Young, Jolie",100557
"Hatch, Schiara",100558
"Graham, Marquis",100559
"Nolan, Mariah",100560
"el-Javed, Naqaa",100561
"Battulga, An Yang",100562
"Reichal, Brittney",100563
"Duarte, Alan",100564
"Romero, Patricia",100565
"Pierce, Darrell",100566
"Teves, Doan",100567
"al-Allee, Sanaaa",100568
"Chamberlain, Gresia",100569
"Mcdaniel, Jenna",100570
"Otero, Mikkayla",100571
"Mclinden, Adellmo",100572
"Ferreira, Jonathon",100573
"Du, Mia",100574
"el-Shahan, Uwais",100575
"Strachan, Markie",100576
"May, Rani",100577
"Ambaye, Naim",100578
"Fan, Henry",100579
"Little, Xochitl",100580
"Romo, Jayde",100581
"Romero, Savannah",100582
"Curiel, Joseph",100583
"Featherstone, Karli",100584
"Henderson, Shardae",100585
"Hermosillo-Orozco, Timothy",100586
"el-Ismael, Shaimaaa",100587
"Cly, Aaron",100588
"el-Koroma, Raheema",100589
"Bobian, Destyne",100590
"Sanchez, Jessica",100591
"el-Gaber, Aatifa",100592
"Chairez, Isaiah",100593
"al-Ally, Shakeela",100594
"Hunter, Craig",100595
"Cornelius, Elijah",100596
"Anderstrom, Shawnia",100597
"Lucero, Jessica",100598
"Pinto, Taylor",100599
"Muradov, Nicholas",100600
"Duong, Myong",100601
"al-Guler, Jawhar",100602
"Cerna, Selene",100603
"Valdez, Mario",100604
"al-Zamani, Ashqar",100605
"el-Ozer, Adnaan",100606
"Schantzen, Corey",100607
"Cabanting, Aliza",100608
"Scurek, Megan",100609
"Nguyen, Shivane",100610
"Duran, Drake",100611
"Chester, Stefen",100612
"Shuler, Zachary",100613
"Hayes, Mark",100614
"Willson, Nicholas",100615
"Baron, Royce",100616
"Hernandez, Rito",100617
"Parnell, Joshua",100618
"Alvarez, Selena",100619
"Vigil-Pacheco, Ruben",100620
"Bowens, Javan",100621
"Waggoner, Yalda",100622
"Gonzalez, Samantha",100623
"Griffin, Bradley",100624
"Torres, Dallen",100625
"Whisler, Sara",100626
"Earls, Anthony",100627
"Vargas, Fernando",100628
"Chapa, Leonard",100629
"Keller, Ember",100630
"el-Baluch, Khaalid",100631
"Running Rabbit, Jalen",100632
"el-Mussa, Fawz",100633
"Romero, Adriana",100634
"Reynolds, Rachel",100635
"Salazar, Daris",100636
"Goodman, Yun",100637
"Wong, Brandon",100638
"Love, Chelsea",100639
"Kenyon, Matthew",100640
"Maldonado, Madeline",100641
"Artichoker, Cordero",100642
"Espinoza, Alexia",100643
"Giang, William",100644
"Elam, Knevin",100645
"al-Ebrahim, Hazeela",100646
"Shakespeare, Benjamin",100647
"al-Farooq, Nu'ma",100648
"Melendez, Briann",100649
"Tapia-Hernandez, Brianna",100650
"Wands, Eric",100651
"Sparkman, Alyxandra",100652
"Kim, Stephen",100653
"David, Naomi",100654
"Byrnes, Angelito",100655
"el-Hashemi, Arhab",100656
"al-Niazi, Rayyana",100657
"Beckham, Brooklyn",100658
"Pak, Naren",100659
"Valdo, Devon",100660
"Bhat, Nalee",100661
"Estes, Daniel",100662
"al-Abdoo, Mu,Aawiya",100663
"Eagle, Tynan",100664
"Vasquez, Andrew",100665
"Flowers, William",100666
"Truong, Timothy",100667
"Jarvis, Kyle",100668
"el-Abdul, Yoonus",100669
"Smith, Ari",100670
"el-Farooq, Abdul Kareem",100671
"Pettersen, Corrynn",100672
"Carrillo, Mariah",100673
"Jefferson, Deja",100674
"Espinoza, Mariah",100675
"al-Kaleel, Lubaaba",100676
"Mallick, Meng",100677
"Takata, Ashley",100678
"Guzman, Kayla",100679
"Land, Cheyanna",100680
"Alexander, Dejon",100681
"Cordova, Lorenzo",100682
"Maes, Vanessa",100683
"Risenhoover, Brenden",100684
"Boehlke, Paul",100685
"Perez, Joseph",100686
"al-Abdullah, Fawqiyya",100687
"Takata, Dlisa",100688
"al-Jamal, Muna",100689
"Curry, Essence",100690
"Nichols, Aaliyah",100691
"Lawrence, Derek",100692
"al-Jabbar, Abdul Waahid",100693
"Roberts, Hayley",100694
"Clark, Ursula",100695
"Craft, Raven",100696
"al-Saidi, Marjaana",100697
"Chavez, Angelica",100698
"Olson, Dakota",100699
"Lor, Tiffanie",100700
"Turner, Darrion",100701
"al-Habibi, Naseefa",100702
"Burke, Mehdi",100703
"Benedict, Urey",100704
"Osterberg, John",100705
"Luu, Leilani",100706
"Srinivasan, Allyssa",100707
"Garcia, Li",100708
"al-Karimi, Himma",100709
"Mc Donald, Nicos",100710
"al-Naim, Awad",100711
"al-Jan, Nisma",100712
"el-Ismail, Mushtaaq",100713
"Shah, Randy",100714
"Terry, Jayde",100715
"Quick Bear, Anasthasia",100716
"Tafoya, Teresa",100717
"Kaur, Abigail",100718
"Tafoya, Erika",100719
"el-Hares, Faalih",100720
"Ford, Darion",100721
"Christensen, Benjamin",100722
"Narvaez, Hector",100723
"el-Salloum, Taaha",100724
"Williams, Chavion",100725
"Danner, Jasmine",100726
"Morton, Neil",100727
"Small, Justice",100728
"Johnson, Adrienne",100729
"al-Bilal, Umaira",100730
"Reynoso, Dong Sung",100731
"Bayne, Bradley",100732
"Cook, Portia",100733
"Reliford, Terrance",100734
"Thompkins, Lynsey",100735
"Jackson, Jamal",100736
"Digregorio, Andrew",100737
"Ginsberg, Bailey",100738
"al-Shaker, Tayyiba",100739
"Mendez, Rikki",100740
"al-Yamin, Nu'maan",100741
"al-Popal, Mahdhoodha",100742
"Tearney, Shaelumiel",100743
"Martin, Porsha",100744
"Smith, Kuneeshah",100745
"Anchondo, Brayan",100746
"el-Darwish, Sadi",100747
"Richards, Shyanne",100748
"Lee, Kyshawn",100749
"Bubar, Katherine",100750
"Valles-Gonzales, Myranda",100751
"Macleod, Karson",100752
"Le, Sara",100753
"Bauler, Rachel",100754
"al-Rasul, Lateefa",100755
"Gruber, Alicia",100756
"Poitra, Nastashia",100757
"Brokenberry, Geraun",100758
"Brinkmann, Lakshmi Priya",100759
"Shirley, Jaleesa-Lynn",100760
"el-Bangura, Kamaaluddeen",100761
"Nguyen, Tierni",100762
"Streicher, Ryan",100763
"Lam, Katherine",100764
"Salas Paz, Lauren",100765
"Hernandez-Espitia, Ricardo",100766
"Diederich, Marcus",100767
"al-Mohiuddin, Nadheera",100768
"Fukino, Sage",100769
"Salas, Maggie",100770
"Wells, Samantha",100771
"Bing, Malik",100772
"Hawthorne, Kerry",100773
"al-Kazmi, Reema",100774
"Payne, Jared",100775
"el-Sadek, Miqdaad",100776
"al-Gaber, Sajaa",100777
"Valdez, Brandon",100778
"Soe, Rachel",100779
"Keodara, Hyun Soo",100780
"Leverette, Daijha",100781
"Moss, Desiree",100782
"al-Idris, Zaghlool",100783
"Arnold, Torina",100784
"al-Radi, Naseera",100785
"Hutchinson, Scott",100786
"Nguyen, Lisa",100787
"Macias, Jacob",100788
"al-Nawaz, Waajida",100789
"Hill, Cole",100790
"el-Majid, Shaqeeqa",100791
"Tillman, Jeremy",100792
"Singh, Ryang Ah",100793
"Liles, Alexis",100794
"al-Moussa, Nawaar",100795
"Thrift, Jasmine",100796
"Vialpando, Abigail",100797
"Olivares, Jacinto",100798
"Victor, Taylor",100799
"al-Kazmi, Fawqiyya",100800
"Stolley, Dylan",100801
"Bunish, Brynna",100802
"Maestas, Joel",100803
"Carlton, Amanda",100804
"Calderon, Isabel",100805
"el-Afzal, Shujaa",100806
"Castro, Eric",100807
"Hong, Ribkha",100808
"Ramirez, Mekayla",100809
"Chapa, Johnny",100810
"Vera-Morales, Essli",100811
"Carley, Jessica",100812
"Vallejos, Jesus",100813
"Jones, Kayla",100814
"Dreher, Stephanie",100815
"Hill-Wilson, Xavi",100816
"Alaniz, Fernando",100817
"Nguyen, Tyler",100818
"Smith, Eli",100819
"Sedillo, Gabreille",100820
"Broughton, Jesse",100821
"Ferrare, Ayah",100822
"Saucedo, Joey",100823
"Panyachith, Matthew",100824
"Singleton, Ashley",100825
"Jackson, Samuel",100826
"el-Abad, Farhaan",100827
"Mones, Sophia",100828
"Mose, Ashley",100829
"el-Safi, Abdul Baari",100830
"el-Rehman, Najlaa",100831
"Chang, Yang",100832
"Redding, Jasmine",100833
"Petrick, Ty",100834
"Flageolle, Casey",100835
"Alvarado, Norma",100836
"Moya, Damian",100837
"el-Younan, Taqiyya",100838
"Ennis, Aaron",100839
"el-Rasheed, Abdus Salam",100840
"el-Selim, Mazeed",100841
"Jacobs, Devarieyia",100842
"el-Shah, Yaasmeena",100843
"Lemberger, Phillip",100844
"Miller, Mckenzie",100845
"Khuu, Amar",100846
"el-Shaikh, Sundus",100847
"Schlabaugh, David",100848
"Taylor, David",100849
"Gopalakrishnan, May",100850
"al-Miah, Uthmaa N",100851
"Hedges, Adam",100852
"Piersol, Margaret",100853
"al-Zaki, Fayyaad",100854
"Tran, Megumi",100855
"Schmitz, Coramarie",100856
"Mobley, John",100857
"Bui, Michael",100858
"Hardarson, William",100859
"al-Hasan, Talaal",100860
"Hamlin, Demornai",100861
"Wang, Jin",100862
"Veleta, Timothy",100863
"el-Shakir, Silmi",100864
"Archuleta, Lindsey",100865
"el-Hasen, Sawada",100866
"Gutierrez, Azucena",100867
"Martin, Nekeysha",100868
"Muller, Joshua",100869
"Abeyta, Brian",100870
"O'Neal, Elizabeth",100871
"Shot At, Danika",100872
"Blatchford, Matthew",100873
"Salinas, Israel",100874
"Cheney, Anna",100875
"Orduna-Torres, Kadijah",100876
"al-Yusuf, Kaatima",100877
"Sanchez, Johnny",100878
"Gonzales, Christopher",100879
"Herrington, Manuel",100880
"Martinez, Renee",100881
"Phan, Ryan",100882
"Coutu, Jason",100883
"Hammond, Kindra",100884
"al-Muhammad, Jaleela",100885
"Teuton, Alexander",100886
"Lee, Jamie",100887
"Trujillo-Garcia, Sheila",100888
"Weaver, Dakota",100889
"Jiminez, Rudi",100890
"Potts, George",100891
"Baker, Jada",100892
"Dalrymple, Krista",100893
"Her, Isaiah",100894
"Roush, Cody",100895
"Alarid, Marcus",100896
"Shephard, Suzanne",100897
"Garcia, Kala",100898
"Floming, Keegan",100899
"Porambo, Autumn",100900
"Taylor, Johnny",100901
"Gonzales, Mario",100902
"Mcdonald, Gabrielle",100903
"Boehm, Linnea",100904
"Barnes, Kevin",100905
"Cormier Jr, Christina",100906
"Williams, Shelby",100907
"Woodard, Donovan",100908
"Jones, Ramel",100909
"al-Abdelrahman, Ahmed",100910
"Carl, Jackie",100911
"el-Kabir, Naseema",100912
"Carranza, Sharell",100913
"Gonzales, Martin",100914
"Bohm, Akil",100915
"Nguyen, Kavy",100916
"Chacon, Johnathan",100917
"Marceca, Mallory",100918
"al-Khan, Muneef",100919
"Barragan, Israel",100920
"Janello, Westley",100921
"Chavez, Jeramy",100922
"el-Koroma, Tufail",100923
"Duffy, Lauren",100924
"al-Safi, Khaleel",100925
"Traylor, Forrest",100926
"Moya, Christopher",100927
"Becker, Rebecca",100928
"Hinkle, Megan",100929
"Lising, Jennifer",100930
"Lattimer, Wesley",100931
"Woods, Anaya",100932
"Marshall, Andy",100933
"Churchill, Benjamin",100934
"Nelson, Scott",100935
"Sanabria, Natasha",100936
"Hovestol, Grace",100937
"Westhuis, Alison",100938
"Pham, Dylahn",100939
"Khan, Sruthi",100940
"Sloan, Olivia",100941
"el-Greiss, Naazil",100942
"Hawthorne, Jessica",100943
"Matano, Weiman",100944
"Markle, Susan",100945
"Morris, Ronald",100946
"Fields, Larie",100947
"al-Akel, Jaasim",100948
"Johnson, Isaiah",100949
"al-Abu, Nafeesa",100950
"Flores Garcia, Steven",100951
"al-El-Sayed, Jaleela",100952
"al-Iman, Jawhara",100953
"Burnsed, Violet",100954
"al-Musa, Rajaa",100955
"el-Abdelrahman, Abood",100956
"Willcutt, Candace",100957
"Brusha, Kyle",100958
"al-Huq, Tawheed",100959
"Bradley, Steven",100960
"el-Younes, Masroora",100961
"el-Bagheri, Sameera",100962
"Stasiowski, Alyssa",100963
"Tagle, Terese",100964
"Anaya, Luisa",100965
"Williams, Tavone",100966
"Arriaga-Shisler, Natalie",100967
"al-Taha, Saood",100968
"al-Zakaria, Aabid",100969
"Wright, Jaylon",100970
"Howard, Markel",100971
"Acosta, Zackieus",100972
"Anders, Deirdre",100973
"al-Basa, Nadeera",100974
"Pond, Jordan",100975
"Robinson, Dustin",100976
"el-Tabet, Raadi",100977
"Al-Qubaisi, Manuel",100978
"Rowell, Nicole",100979
"al-Ghazal, Kawkab",100980
"Muir, Mekena",100981
"Shambe, Takara",100982
"Park, Ken",100983
"Johnson, Joshua",100984
"Gadison, Brandie",100985
"Kasten, Shaye",100986
"Eggebrecht, Brennan",100987
"al-Rahman, Kabeera",100988
"Tafoya, Christopher",100989
"Senette, Jamonie",100990
"Dorrell, Javan",100991
"Delgado-Gonzalez, Alisia",100992
"Chesters, Robert",100993
"O'Connor, Claire",100994
"Suntken, Ricardo",100995
"Vega, Edwin",100996
"Garfias-Salazar, Elba",100997
"al-Diab, Nizaar",100998
"Ratzlaff, Elyse",100999
